Question ID,Question Type,Difficulty Level,media_url,Question Text,Answer Options,Correct Answer,Skill Sets,Associated Skill,,
81,Auditory,Easy,https://fyp-titans.s3.eu-north-1.amazonaws.com/Auditory/Easy+Band/1_01.mp3,What does the woman imply?,"She'll give the man a ride., 
She'll take the car to a gas station.,
She'll look for a new car.,
She'll ask for help.",She'll give the man a ride.,Understanding implied meaning,Listening & Comprehension,,
82,Auditory,Easy,https://fyp-titans.s3.eu-north-1.amazonaws.com/Auditory/Easy+Band/1_02.mp3,What does the man imply?,"Spring will come soon.,
He likes nice days.,
He can't wait until spring is here.,
It's about time for the weather to change.","Spring will come soon.
",Understanding implied meaning,Listening & Comprehension,,
83,Auditory,Easy,https://fyp-titans.s3.eu-north-1.amazonaws.com/Auditory/Easy+Band/1_03.mp3,What does the woman mean?,"She cares for the science project.,
She doesn't know how to complete the project.,
She can't believe the work is due so soon.,
She doesn't like kidding.",She can't believe the work is due so soon.,Understanding implied meaning,Listening & Comprehension,,
84,Auditory,Easy,https://fyp-titans.s3.eu-north-1.amazonaws.com/Auditory/Easy+Band/1_04.mp3,What does the woman suggest about Todd?,"He doesn't come to biology class.,
He is studying all the time.,
He loves doing research at the library.,
He doesn't care about his grade point average.",He is studying all the time.,Making inferences,Listening & Comprehension,,
85,Auditory,Easy,https://fyp-titans.s3.eu-north-1.amazonaws.com/Auditory/Easy+Band/1_05.mp3,What does the woman mean?,"She doesn't think he is a good tennis player.,
She knows tennis will make her fit.,
She has no time to play.,
She won't start taking lessons next week.",She has no time to play.,Understanding implied meaning,Listening & Comprehension,,
86,Auditory,Easy,https://fyp-titans.s3.eu-north-1.amazonaws.com/Auditory/Easy+Band/1_06.mp3,What does the man mean?,"He doesn't need food.,
He prefers eating out to grocery shopping.,
He doesn't mind going with her later.,
He wants her to go alone.",He wants her to go alone.,Understanding implied meaning,Listening & Comprehension,,
87,Auditory,Easy,https://fyp-titans.s3.eu-north-1.amazonaws.com/Auditory/Easy+Band/1_07.mp3,What does the woman imply about the project?,"The project has been going on for some time., She seems to need more time to get ready.,
The highway project started not too long ago.,
She wouldn't like to be surprised.",The project has been going on for some time.,Understanding implied meaning,Listening & Comprehension,,
88,Auditory,Easy,https://fyp-titans.s3.eu-north-1.amazonaws.com/Auditory/Easy+Band/1_08.mp3,What does the man imply about the comics?,"He isn't sure they are that great., They are very good.,It's crazy to read them., He reads the Sunday newspaper just for them.",They are very good.,Making inferences,Listening & Comprehension,,
89,Auditory,Easy,https://fyp-titans.s3.eu-north-1.amazonaws.com/Auditory/Easy+Band/1_09.mp3,What does the man mean?," He's not gone out yet.,
 He doesn't think it's his job to take the dog for a walk.,
 He didn't think the dog was supposed to be out.,
 He didn't care to be with the dog all day.","
He doesn't think it's his job to take the dog for a walk.",Understanding implied meaning,Listening & Comprehension,,
90,Auditory,Easy,https://fyp-titans.s3.eu-north-1.amazonaws.com/Auditory/Easy+Band/1_10.mp3,What does the woman imply?,"The author's latest book is not selling well.,
The bookstore attracts large crowds during social events.,
The author will be signing a contract with the bookstore later.,
The author is autographing her book.",The author is autographing her book.,Understanding implied meaning,Listening & Comprehension,,
91,Auditory,Mid,https://fyp-titans.s3.eu-north-1.amazonaws.com/Auditory/Mid+Band/1_14.mp3,What does the woman mean?,"The piano is too heavy to move around alone, She won't give him a hand, She'd like him to help her, It'd be nice if someone could help with the move",She'd like him to help her,Listening Comprehension,Listening & Comprehension,,
92,Auditory,Mid,https://fyp-titans.s3.eu-north-1.amazonaws.com/Auditory/Mid+Band/1_16.mp3,What does the woman imply?,"The long wait discourages many customers, Her parents would probably like the menu, She'd have to make a reservation, The restaurant is very popular",The restaurant is very popular,Listening Comprehension,Listening & Comprehension,,
93,Auditory,Mid,https://fyp-titans.s3.eu-north-1.amazonaws.com/Auditory/Mid+Band/1_24.mp3,What kind of a place are the speakers talking about?,"Hotel, Restaurant, Gallery, Ocean boardwalk",Hotel,Listening Comprehension,Listening & Comprehension,,
94,Auditory,Mid,https://fyp-titans.s3.eu-north-1.amazonaws.com/Auditory/Mid+Band/1_28.mp3,What are the speakers talking about?,"A new cellular phone, A more affordable service, A monthly phone statement, A different job",A monthly phone statement,Listening Comprehension,Listening & Comprehension,,
95,Auditory,Mid,https://fyp-titans.s3.eu-north-1.amazonaws.com/Auditory/Mid+Band/1_31.mp3,What does the man mean?,"She ought to realize how much she has to pay, She shouldn't take the lessons, She has to save money before signing up, She wouldn't agree with everyone",She shouldn't take the lessons,Listening Comprehension,Listening & Comprehension,,
96,Auditory,Mid,https://fyp-titans.s3.eu-north-1.amazonaws.com/Auditory/Mid+Band/050.mp3,What can be inferred about Jim?,"He's not an organized person, He likes to put everything in the closet, He lives in a neat house, He moved in not too long ago",He's not an organized person,Listening Comprehension,Listening & Comprehension,,
97,Auditory,Mid,https://fyp-titans.s3.eu-north-1.amazonaws.com/Auditory/Mid+Band/080.mp3,What does the man mean?,"He dislikes wearing name tags, He may tear the tag at the orientation meeting, He's well known, Everyone should remember who he is",He's well known,Listening Comprehension,Listening & Comprehension,,
98,Auditory,Mid,https://fyp-titans.s3.eu-north-1.amazonaws.com/Auditory/Mid+Band/090.mp3,What does the woman say about Stacy?,"She spends a lot of time on her hobby, She's fascinated by different kinds of butterflies, She's been collecting butterflies for a long time, Her collection has been around for several years",She's been collecting butterflies for a long time,Listening Comprehension,Listening & Comprehension,,
99,Auditory,Mid,https://fyp-titans.s3.eu-north-1.amazonaws.com/Auditory/Mid+Band/110.mp3,What will the man probably do?,"Cool off at the pool, Stay out of the pool, Swim only on hot days, Sit in the shade nearby",Stay out of the pool,Listening Comprehension,Listening & Comprehension,,
100,Auditory,Mid,https://fyp-titans.s3.eu-north-1.amazonaws.com/Auditory/Mid+Band/120.mp3,What can be assumed about the man?,"He needs to take certain courses in order to graduate, He's able to graduate despite the lack of funding, It's too bad he's still in school, He can't take courses that aren't approved",He needs to take certain courses in order to graduate,Listening Comprehension,Listening & Comprehension,,
101,Auditory,Medium,https://fyp-titans.s3.eu-north-1.amazonaws.com/Auditory/Medium+Band/MET_Sample-Test-PART-1-%5BAudioTrimmer.com%5D.mp3,What does the woman say about the bus?,"It is late, It stops in a different place, It has broken down, It already came",It is late,Listening Comprehension,Listening & Comprehension,,
102,Auditory,Medium,https://fyp-titans.s3.eu-north-1.amazonaws.com/Auditory/Medium+Band/MET_Sample-Test-PART-1-%5BAudioTrimmer.com%5D+(1).mp3,What will the woman probably do the following day?,"drive to the city, watch the parade on television, give the man's family a ride, take the train to the city",take the train to the city,Inference,Listening & Comprehension,,
103,Auditory,Medium,https://fyp-titans.s3.eu-north-1.amazonaws.com/Auditory/Medium+Band/MET_Sample-Test-PART-1-%5BAudioTrimmer.com%5D+(2).mp3,What does the woman hope to do?,"learn to cook, bring lunch from home, avoid bad weather, try some new restaurants",bring lunch from home,Inference,Listening & Comprehension,,
104,Auditory,Medium,https://fyp-titans.s3.eu-north-1.amazonaws.com/Auditory/Medium+Band/MET_Sample-Test-PART-1-%5BAudioTrimmer.com%5D+(3).mp3,What will the students do tomorrow?,"call the professor for their grades, turn in their papers, make appointments to see the professor, pick up their quizzes",pick up their quizzes,Inference,Listening & Comprehension,,
105,Auditory,Medium,https://fyp-titans.s3.eu-north-1.amazonaws.com/Auditory/Medium+Band/MET_Sample-Test-PART-1-%5BAudioTrimmer.com%5D+(4).mp3,What does the woman most likely want to do?,"compare different phone models, have her phone repaired, receive a refund, explain her problem",have her phone repaired,Inference,Listening & Comprehension,,
106,Auditory,Medium,https://fyp-titans.s3.eu-north-1.amazonaws.com/Auditory/Medium+Band/MET_Sample-Test-PART-1-%5BAudioTrimmer.com%5D+(5).mp3,How did the man feel when he heard the news?,"happy, surprised, embarrassed, angry",surprised,Inference,Listening & Comprehension,,
107,Auditory,Medium,https://fyp-titans.s3.eu-north-1.amazonaws.com/Auditory/Medium+Band/MET_Sample-Test-PART-1-%5BAudioTrimmer.com%5D+(6).mp3,What does the woman imply about the man?,"He should continue down the street, He's going to be late, He's going in the wrong direction, He should take a bus",He's going to be late,Inference,Listening & Comprehension,,
108,Auditory,Medium,https://fyp-titans.s3.eu-north-1.amazonaws.com/Auditory/Medium+Band/MET_Sample-Test-PART-1-%5BAudioTrimmer.com%5D+(7).mp3,How does the man feel?,"nervous, confident, confused, excited",nervous,Inference,Listening & Comprehension,,
109,Auditory,Medium,https://fyp-titans.s3.eu-north-1.amazonaws.com/Auditory/Medium+Band/MET_Sample-Test-PART-1-%5BAudioTrimmer.com%5D+(8).mp3,What is probably true about the company?,"It has new owners, It is expanding rapidly, It has lost many staff recently, It is having financial problems",It is expanding rapidly,Inference,Listening & Comprehension,,
110,Auditory,Medium,https://fyp-titans.s3.eu-north-1.amazonaws.com/Auditory/Medium+Band/MET_Sample-Test-PART-1-%5BAudioTrimmer.com%5D+(9).mp3,What happened when the man went to university?,"He took his instrument with him, He stopped playing the piano, He began playing a new instrument, He signed up for music classes",He stopped playing the piano,Inference,Listening & Comprehension,,
111,Auditory,Hard,https://fyp-titans.s3.eu-north-1.amazonaws.com/Auditory/Hard+Band/003_a.mp3,Why is the man looking for an apartment?,"He can't afford his rent, His present place is too cramped, His roommate doesn't like the apartment, He wants to be close to campus",He wants to be close to campus,Listening for details,Listening & Comprehension,,
112,Auditory,Hard,https://fyp-titans.s3.eu-north-1.amazonaws.com/Auditory/Hard+Band/002_a.mp3,What is the purpose of the conversation?,"An introduction to a synthetic product, The major components of an aquarium, The requirements for waste removal, The water temperature gauge",The major components of an aquarium,Identifying purpose,Listening & Comprehension,,
113,Auditory,Hard,https://fyp-titans.s3.eu-north-1.amazonaws.com/Auditory/Hard+Band/001_a.mp3,What is the main purpose of the talk?,"To analyze a few movie production techniques, To explain the effects of VCRs, To give statistical data for VCRs' growing market, To promote the film industry",To explain the effects of VCRs,Identifying purpose,Listening & Comprehension,,
114,Auditory,Hard,https://fyp-titans.s3.eu-north-1.amazonaws.com/Auditory/Hard+Band/002_a+(1).mp3,What does the speaker mainly discuss?,"The Properties of Matter, A revised book along with its supplement, Test-taking strategies for non-science majors, The major suppliers of resource materials",A revised book along with its supplement,Identifying main idea,Listening & Comprehension,,
115,Auditory,Hard,https://fyp-titans.s3.eu-north-1.amazonaws.com/Auditory/Hard+Band/003_a+(1).mp3,What is the purpose of the talk?,"To provide general information about malls, To discuss investment opportunities, To redefine the concept of the malls, To credit the landscape consultant firm",To provide general information about malls,Identifying purpose,Listening & Comprehension,,
116,Auditory,Hard,https://fyp-titans.s3.eu-north-1.amazonaws.com/Auditory/Hard+Band/004_a.mp3,What is the purpose of the talk?,"To identify business applications for electronic services, To explain a variety of online computerized services, To illustrate network communication difficulties, To project the revenue for the information retrieval industry",To explain a variety of online computerized services,Identifying purpose,Listening & Comprehension,,
117,Auditory,Hard,https://fyp-titans.s3.eu-north-1.amazonaws.com/Auditory/Hard+Band/001_a+(1).mp3,What did the person choose?,"A mug with the university logo, A T-shirt with a matching hat, A book, A calendar",A T-shirt with a matching hat,Listening for details,Listening & Comprehension,,
118,Auditory,Hard,https://fyp-titans.s3.eu-north-1.amazonaws.com/Auditory/Hard+Band/003_a+(2).mp3,What did the person agree to do?,"Change her class time, Contact a travel agency, Set up individual conferences, Teach her class while she's away",Teach her class while she's away,Listening for details,Listening & Comprehension,,
119,Auditory,Hard,https://fyp-titans.s3.eu-north-1.amazonaws.com/Auditory/Hard+Band/007_a.mp3,What was demonstrated?,"To persuade the readers to chew their food longer, To demonstrate it's easier to digest food when it's broken down, To compare iodine's reaction to different chemicals, To give specific directions for the experiment",To demonstrate it's easier to digest food when it's broken down,Listening for details,Listening & Comprehension,,
120,Auditory,Hard,https://fyp-titans.s3.eu-north-1.amazonaws.com/Auditory/Hard+Band/001_a+(2).mp3,Who is the target audience?,"Computer graphics designers, Online database specialists, Computer science majors, Individuals at low and intermediate levels of proficiency",Individuals at low and intermediate levels of proficiency,Identifying target audience,Listening & Comprehension,,
121,Auditory,Advanced,https://fyp-titans.s3.eu-north-1.amazonaws.com/Auditory/Advanced+Band/MET_Sample-Test-PART-2-%5BAudioTrimmer.com%5D.mp3,Why does the man mention next year?,"He will start a new business then, He will miss the conference then, He thinks the economy will be better then, He thinks his business may be closed then",He thinks the economy will be better then,Listening Comprehension,Listening & Comprehension,,
122,Auditory,Advanced,https://fyp-titans.s3.eu-north-1.amazonaws.com/Auditory/Advanced+Band/MET_Sample-Test-PART-2-%5BAudioTrimmer.com%5D+(1).mp3,Why does the man tell the woman she’s lucky?,"The item she wants is on sale, The store is open late today, He has what she is looking for, She is getting married",He has what she is looking for,Listening Comprehension,Listening & Comprehension,,
123,Auditory,Advanced,https://fyp-titans.s3.eu-north-1.amazonaws.com/Auditory/Advanced+Band/MET_Sample-Test-PART-2-%5BAudioTrimmer.com%5D+(2).mp3,What will the woman probably do?,"get the electronic version of the book, borrow the book from her friend, check the book out from the library, come back later to get the book",check the book out from the library,Reasoning/Understanding,Listening & Comprehension,,
124,Auditory,Advanced,https://fyp-titans.s3.eu-north-1.amazonaws.com/Auditory/Advanced+Band/MET_Sample-Test-PART-2-%5BAudioTrimmer.com%5D+(3).mp3,Why does the woman talk about research studies?,"to explain how she got her idea, to argue against the man’s opinion, to describe the type of work she enjoys, to explain what she’ll discuss with her students",to explain what she’ll discuss with her students,Listening Comprehension,Listening & Comprehension,,
125,Auditory,Advanced,https://fyp-titans.s3.eu-north-1.amazonaws.com/Auditory/Advanced+Band/MET_Sample+Test_Listening+Section+Audio_PART+2-%5BAudioTrimmer.com%5D.mp3,Why does the woman mention cooking?,"to invite the man to dinner, to ask the man to teach her, to tell why she wants a big kitchen, to explain the size of table she needs",to explain the size of table she needs,Reasoning/Understanding,Listening & Comprehension,,
126,Auditory,Advanced,https://fyp-titans.s3.eu-north-1.amazonaws.com/Auditory/Advanced+Band/MET_Sample+Test_Listening+Section+Audio_PART+2-%5BAudioTrimmer.com%5D+(1).mp3,What are the speakers going to do next?,"select a topic for the next paper, practice writing transitions, make sentences of different lengths, talk to the professor",practice writing transitions,Listening Comprehension,Listening & Comprehension,,
127,Auditory,Advanced,https://fyp-titans.s3.eu-north-1.amazonaws.com/Auditory/Advanced+Band/MET_Sample+Test_Listening+Section+Audio_PART+2-%5BAudioTrimmer.com%5D+(2).mp3,Why does the woman mention her family?,"They live nearby, They pay for her training, They will visit her at school, They will move out of state",They live nearby,Listening Comprehension,Listening & Comprehension,,
128,Auditory,Advanced,https://fyp-titans.s3.eu-north-1.amazonaws.com/Auditory/Advanced+Band/MET_Sample+Test_Listening+Section+Audio_PART+2-%5BAudioTrimmer.com%5D+(3).mp3,What does the man do most evenings?,"He stays home, He goes out to eat, He goes to see a movie, He works at a restaurant",He works at a restaurant,Listening Comprehension,Listening & Comprehension,,
129,Auditory,Advanced,https://fyp-titans.s3.eu-north-1.amazonaws.com/Auditory/Advanced+Band/MET+exam+-+Listening+Practice+Test+-+Yul+Ayala+Tutor-%5BAudioTrimmer.com%5D.mp3,"According to the woman, what will happen soon?","She will move in to the apartment, The apartment will be cleaned, The apartment will be painted, New carpet will be installed",The apartment will be cleaned,Listening Comprehension,Listening & Comprehension,,
130,Auditory,Advanced,https://fyp-titans.s3.eu-north-1.amazonaws.com/Auditory/Advanced+Band/MET+exam+-+Listening+Practice+Test+-+Yul+Ayala+Tutor-%5BAudioTrimmer.com%5D+(1).mp3,What did the man tell the company about his salary?,"He is willing to negotiate, He does not want to discuss it, He is making more money now, He cannot accept their offer",He is willing to negotiate,Reasoning/Understandin,Listening & Comprehension,,
131,Auditory,Exceptional,https://fyp-titans.s3.eu-north-1.amazonaws.com/Auditory/Exceptional+Band/MET_Sample-Test-PART-3-%5BAudioTrimmer.com%5D.mp3,Why does the speaker mention fish?,"to tell the listeners what they’ll do next, to compare the behavior of different animals, to explain what one bird is doing, to describe what lives in the lake",to explain what one bird is doing,Listening Comprehension,Listening & Comprehension,,
132,Auditory,Exceptional,https://fyp-titans.s3.eu-north-1.amazonaws.com/Auditory/Exceptional+Band/MET_Sample-Test-PART-3-%5BAudioTrimmer.com%5D+(1).mp3,What will the meeting participants most likely do next?,"discuss the project’s budget, visit a store, view some drawings, sign a contract",view some drawings,Listening Comprehension,Listening & Comprehension,,
133,Auditory,Exceptional,https://fyp-titans.s3.eu-north-1.amazonaws.com/Auditory/Exceptional+Band/MET_Sample-Test-PART-3-%5BAudioTrimmer.com%5D+(2).mp3,What does the speaker say about other teachers?,"They help with the sports programs, They teach a variety of subjects, They will also talk to the parents, They will take the parents on a tour",They will also talk to the parents,Listening Comprehension,Listening & Comprehension,,
134,Auditory,Exceptional,https://fyp-titans.s3.eu-north-1.amazonaws.com/Auditory/Exceptional+Band/MET_Sample-Test-PART-3-%5BAudioTrimmer.com%5D+(3).mp3,What does the speaker wish he could do?,"be a student at City College, touch museum objects, meet a famous artist, own an ancient Greek bowl",touch museum objects,Listening Comprehension,Listening & Comprehension,,
135,Auditory,Exceptional,https://fyp-titans.s3.eu-north-1.amazonaws.com/Auditory/Exceptional+Band/MET_Sample+Test_Listening+Section+Audio_PART+3-%5BAudioTrimmer.com%5D.mp3,Who will be most affected by the information?,"most new company employees, employees located in a certain area, outside workers brought in for a project, company managers and supervisors",employees located in a certain area,Listening Comprehension,Listening & Comprehension,,
136,Auditory,Exceptional,https://fyp-titans.s3.eu-north-1.amazonaws.com/Auditory/Exceptional+Band/MET_Sample+Test_Listening+Section+Audio_PART+3-%5BAudioTrimmer.com%5D+(1).mp3,"Why are pharmacists, doctors, and engineers mentioned?","to list professions for people interested in chemistry, to describe positions that require extensive experience, to mention that other presentations will be given, to acknowledge the people involved in a project",to list professions for people interested in chemistry,Listening Comprehension,Listening & Comprehension,,
137,Auditory,Exceptional,https://fyp-titans.s3.eu-north-1.amazonaws.com/Auditory/Exceptional+Band/MET_Sample+Test_Listening+Section+Audio_PART+3-%5BAudioTrimmer.com%5D+(2).mp3,What is the speaker’s attitude about daylight saving time?,"It has benefits other than energy conservation, It needs to be studied in other areas, It benefits only a small group of people, It should be used all the time",It has benefits other than energy conservation,Listening Comprehension,Listening & Comprehension,,
138,Auditory,Exceptional,https://fyp-titans.s3.eu-north-1.amazonaws.com/Auditory/Exceptional+Band/MET_Sample+Test_Listening+Section+Audio_PART+3-%5BAudioTrimmer.com%5D+(3).mp3,Why is Dr. Baker going to speak to the students?,"to discuss her position at the university, to talk about a device used in research, to talk about a different bird species, to discuss the dangers of doing field research",to talk about a device used in research,Listening Comprehension,Listening & Comprehension,,
139,Auditory,Exceptional,https://fyp-titans.s3.eu-north-1.amazonaws.com/Auditory/Exceptional+Band/MET+exam+-+Listening+Practice+Test+-+Yul+Ayala+Tutor-%5BAudioTrimmer.com%5D+(2).mp3,What does the speaker say about teenage girls who spend a lot of time online?,"They often use the internet to buy their music, They spend lots of money on music magazines, They like buying music at the store, They attend a lot of live concerts",They often use the internet to buy their music,Listening Comprehension,Listening & Comprehension,,
140,Auditory,Exceptional,https://fyp-titans.s3.eu-north-1.amazonaws.com/Auditory/Exceptional+Band/MET+exam+-+Listening+Practice+Test+-+Yul+Ayala+Tutor-%5BAudioTrimmer.com%5D+(3).mp3,"After the talk was finished, what did the speaker expect the audience to do?","ask her some questions, come pick up their card from her, start practicing how to use the system, try to lock and unlock the door",ask her some questions,Listening Comprehension,Listening & Comprehension,,
141,Textual,Easy,,"What comes next in the sequence? 2, 4, 8, 16, __?","20, 24, 32, 64",32,Mathematical & Arithmetic Reasoning,Mathematical & Arithmetic Reasoning,,
142,Textual,Easy,,"Which number is missing? 3, 6, 9, __, 15","10, 11, 12, 14",12,Mathematical & Arithmetic Reasoning,Mathematical & Arithmetic Reasoning,,
143,Textual,Easy,,"If all roses are flowers and some flowers fade quickly, can we conclude that some roses fade quickly?","Yes, No, Maybe, Not enough information",No,"Logical reasoning  ,  Syllogism",Logical & Verbal Reasoning,,
144,Textual,Easy,,Which shape is different?," ▲, ★, ■, ▪",★,"Visual discrimination  ,  Geometric shapes",Spatial & Visual Reasoning,,
145,Textual,Easy,,"What is the missing letter in the sequence? A, C, E, G, __?"," H, I, J,K",I,"Letter sequence  ,  Alphabet pattern",Pattern Recognition,,
146,Textual,Easy,,A farmer has 17 sheep. All but 9 run away. How many are left?,"0, 8, 9, 17",9,"Verbal reasoning  ,  Logical puzzle",Logical & Verbal Reasoning,,
147,Textual,Easy,,"If a triangle has three angles of 45°, 45°, and __, what is the missing angle?","45°, 60°, 90°, 120°",90°,"Mathematics  ,  Angle sum",Mathematical & Arithmetic Reasoning,,
148,Textual,Easy,,"John’s father has 5 children: Tom, Tim, Tam, Tum. What is the fifth child’s name?","Ten, Tun, John, Tom",John,"Verbal reasoning  ,  Logical puzzle",Logical & Verbal Reasoning,,
149,Textual,Easy,,Which word does not belong?," Apple, Banana, Carrot, Mango",Carrot,"Categorization  ,  Fruits vs Vegetables",General Knowledge & Categorization,,
150,Textual,Easy,,"What comes next? 1, 3, 7, 15, 31, __?","47, 50, 63, 62",63,"Number series  ,  Exponential growth",Pattern Recognition,,
151,Textual,Mid,,"Find the odd one out: Cat, Dog, Lion, Elephant.","Cat, Dog, Lion, Elephant",Lion,"Logical reasoning  ,  Categorization",Logical & Verbal Reasoning,,
152,Textual,Mid,,"If 5 machines take 5 minutes to make 5 products, how long will 100 machines take to make 100 products?","5 minutes, 10 minutes, 50 minutes,  100 minutes",5 minutes,"Logical reasoning  ,  Arithmetic reasoning",Mathematical & Arithmetic Reasoning,,
153,Textual,Mid,,"What is the missing number? 4, 9, 16, 25, __?","32, 36, 40, 49",36,"Numerical patterns  ,  Square numbers",Pattern Recognition,,
154,Textual,Mid,,"A clock strikes once at 1 o’clock, twice at 2 o’clock, three times at 3 o’clock, and so on. How many times does it strike in 12 hours?","66, 78, 90, 100",78,"Mathematical reasoning  ,  Sum of numbers",Mathematical & Arithmetic Reasoning,,
155,Textual,Mid,,"Rearrange the letters ""C I P F A I C"" to form a meaningful word.","Pacific, Capific, Facpic, Piffica",Pacific,"Word puzzle  ,  Anagram",Logical & Verbal Reasoning,,
156,Textual,Mid,,"If a plane crashes exactly on the border between two countries, where are the survivors buried?","Country A, Country B, Nowhere, Both countries",Nowhere,"Logical reasoning  ,  Problem-solving",Problem-Solving & Critical Thinking,,
157,Textual,Mid,,A bicycle has two wheels. How many bicycles are needed to have 100 wheels?,"25, 50, 75, 100",50,"Arithmetic reasoning  ,  Word problem",Mathematical & Arithmetic Reasoning,,
158,Textual,Mid,,"Which number should replace the question mark? 1, 11, 21, 1211, 111221, __?","312211,122111, 221111, 211112",312211,"Numerical patterns  ,  Look-and-say sequence",Pattern Recognition,,
159,Textual,Mid,,What is the 23rd prime number?,"71, 73, 83, 89",83,"Mathematical reasoning  ,  Prime numbers",Mathematical & Arithmetic Reasoning,,
160,Textual,Mid,,Which famous paradox questions how Achilles could never overtake a tortoise if the tortoise had a head start?,"Zeno’s Paradox, Schrödinger’s Paradox, Einstein’s Riddle, Turing’s Puzzle",Zeno’s Paradox,"Logical reasoning  ,  Paradoxes",Logical & Verbal Reasoning,,
161,Textual,Medium,,"What comes next in the series? 2, 6, 12, 20, 30, __?","38, 40, 42, 50",42,"Mathematical reasoning  ,  Number patterns",Mathematical & Arithmetic Reasoning,,
162,Textual,Medium,,"A triangle has sides 13 cm, 14 cm, and 15 cm. What is its area?"," 80 cm², 82 cm²,84 cm², 86 cm²",84 cm²,"Geometry  ,  Area of a triangle",General Knowledge & Categorization,,
163,Textual,Medium,,"Find the odd one out: L, O, S, W, T","L, O, S, W",W,"Logical reasoning  ,  Word association",Mathematical & Arithmetic Reasoning,,
164,Textual,Medium,,"John is twice as old as Jake. In 10 years, Jake will be 30. How old is John now?","40, 50, 60, 45",50,"Mathematical reasoning  ,  Age problem",Logical & Verbal Reasoning,,
165,Textual,Medium,,"What is the missing number? 5, 11, 23, 47, __?","95, 98, 103, 109",103,"Numerical pattern  ,  Multiply and add",Mathematical & Arithmetic Reasoning,,
166,Textual,Medium,,What will the word “CIPHER” look like in a mirror?," ɹǝɥdᴉƆ, ɹǝɥdᴉƆ, ɹǝɥԀᴉƆ, ƆᴉԀɥǝɹ",ɹǝɥdᴉƆ,"Word puzzle  ,  Mirror image",Pattern Recognition,,
167,Textual,Medium,,A 3x3 cube is painted on all sides and then cut into 27 smaller cubes. How many have exactly two faces painted?,"6, 8, 12, 18",12,"Geometry  ,  Cube faces",Spatial & Visual Reasoning,,
168,Textual,Medium,,"If 3 cats catch 3 mice in 3 minutes, how long will 100 cats take to catch 100 mice?","3 minutes, 30 minutes, 100 minutes, 1 minute",3 minutes,"Logical reasoning  ,  Rate and time",Problem-Solving & Critical Thinking,,
169,Textual,Medium,,"Which number comes next in the sequence? 1, 11, 21, 1211, 111221, __?","312211, 111222, 221111, 211112",312211,"Numerical sequence  ,  Look-and-say",Pattern Recognition,,
170,Textual,Medium,,"What comes next? A, Z, B, Y, C, X, __?","D, W, E, V",D,"Letter sequence  ,  Alphabet pattern",Spatial & Visual Reasoning,,
171,Textual,Hard,,"If the hour and minute hands of a clock overlap at 12:00, when will they overlap again?"," 1:05, 1:10, 1:12, 1:20",1:12,Time and Clock,General Knowledge & Categorization,,
172,Textual,Hard,,"Which number should replace the question mark? 2, 3, 5, 9, 17, ?","28, 31, 33,  35",33,Numerical Pattern,General Knowledge & Categorization,,
173,Textual,Hard,,"A cube has a total of how many faces, edges, and vertices?","6 | 12 | 8, 
 6 | 8 | 12 , 8 | 6 |12, 12 | 6 | 8","6, 12, 8",Geometry,Spatial & Visual Reasoning,,
174,Textual,Hard,,What is the sum of the first 20 even numbers?,"210, 420, 820, 800",420,"Arithmetic  ,  Series Sum",Problem-Solving & Critical Thinking,,
175,Textual,Hard,,Which number is a palindrome?,"45654, 89198, 13231, All of the above",All of the above,"Number Recognition  ,  Palindrome",Pattern Recognition,,
176,Textual,Hard,,"What comes next in the sequence? 3, 7, 15, 31, 63, __?","95, 127, 120, 130",127,"Numerical Pattern  ,  Exponential growth",Logical & Verbal Reasoning,,
177,Textual,Hard,,"You are given two ropes, each taking exactly one hour to burn, but they burn at uneven rates. How can you measure exactly 45 minutes?","Burn both ropes from one end, Burn one rope at both ends and the second rope at one end, then burn the second rope at both ends when the first finishes,  Cut one rope into ¾ and burn it separately, Burn one rope at three points","Burn one rope at both ends and the second at one end, then burn the second rope at both ends when the first finishes","Logical Reasoning  ,  Problem-solving",Pattern Recognition,,
178,Textual,Hard,,Which of the following numbers is a prime number?,"87, 97,91,93",97,"Mathematical Reasoning  ,  Prime Numbers",Problem-Solving & Critical Thinking,,
179,Textual,Hard,,"A 5-letter word is written in reverse order, and the middle letter remains unchanged. What is the word?","LEVEL, MADAM, REFER, CIVIC",MADAM,"Word Puzzle  ,  Palindrome",Problem-Solving & Critical Thinking,,
180,Textual,Hard,,How many times do the hands of a clock overlap in a 12-hour period?,"11, 12, 13, 10",11,"Time and Clock  ,  Overlap Problem",General Knowledge & Categorization,,
181,Textual,Advanced,,A frog falls into a 30-meter-deep well. It climbs 3 meters every day but slips 2 meters at night. How many days does it take to escape?,"27, 28, 29, 30",28,"Logical reasoning  ,  Problem-solving",Mathematical & Arithmetic Reasoning,,
182,Textual,Advanced,,"What comes next in the pattern? 1, 4, 9, 16, 25, __?","35, 36, 49, 50",36,"Numerical pattern  ,  Perfect squares",Mathematical & Arithmetic Reasoning,,
183,Textual,Advanced,,"Which number does not belong in the sequence? 2, 6, 12, 20, 30, 42, 56, 72, 90","12, 30, 42, 72",30,"Logical reasoning  ,  Number patterns",Problem-Solving & Critical Thinking,,
184,Textual,Advanced,,"A person travels 6 km south, then 6 km east, then 6 km north, and ends up where they started. Where is this possible?","Equator,  Bermuda Triangle, North Pole, None here",North Pole,Geographical reasoning,Logical & Verbal Reasoning,,
185,Textual,Advanced,,"If three painters can paint three walls in three hours, how many painters are needed to paint 18 walls in 6 hours?","6, 9,  12, 15",9,"Logical reasoning  ,  Work problem",Logical & Verbal Reasoning,,
186,Textual,Advanced,,A number is four times the sum of its digits. What is the number?,"24, 27, 36, 40",27,"Mathematical reasoning  ,  Number properties",Mathematical & Arithmetic Reasoning,,
187,Textual,Advanced,,"Find the missing number: 1, 1, 2, 3, 5, 8, __, 21","10, 12, 13, 15",13,"Mathematical reasoning  ,  Fibonacci sequence",Logical & Verbal Reasoning,,
188,Textual,Advanced,,"A ship is at anchor in a harbor. A ladder with 10 rungs is hanging over its side, with the bottom rung just touching the water. If each rung is 30 cm apart and the tide rises 1.5 meters, how many rungs will now be underwater?","5, 3, 0, 7",0,"Logical reasoning  ,  Problem-solving",Logical & Verbal Reasoning,,
189,Textual,Advanced,,A farmer has a 40-liter barrel of milk. He needs to measure exactly 4 liters but only has a 9-liter and a 5-liter container. How can he measure exactly 4 liters?,"1.  Fill the 9L container and transfer to the 5L container 2.  then repeat, 1. Fill the 9L container, transfer 5L to the smaller one 2. Empty the 5L container 3.  transfer 4L from the 9L container, Estimate by eye, None of the above","Fill the 9L container, transfer 5L to the smaller one, empty the 5L container, transfer 4L from the 9L container","Logical reasoning  ,  Water jug problem",Logical & Verbal Reasoning,,
190,Textual,Advanced,,"A prisoner is given a choice: two doors, one leading to freedom and the other to death. Two guards stand by, one always lies, and one always tells the truth. The prisoner can ask only one guard a single question. What should he ask?"," ""Which door leads to freedom?"", ""What would the other guard say is the door to freedom?"",""Are you the truthful guard?"", ""Does the lying guard stand by the death door?""","""What would the other guard say is the door to freedom?""","Logical reasoning  ,  Paradox problem",Problem-Solving & Critical Thinking,,
191,Textual,Exceptional,,"If five students can solve five problems in five minutes, how long will it take 100 students to solve 100 problems?","5 minutes, 50 minutes, 100 minutes, 500 minutes",5 minutes,Logical reasoning,Pattern Recognition,,
192,Textual,Exceptional,,A car’s odometer reads 72927 km. What is the minimum distance it must travel for the reading to be palindromic again?,"101 km, 110 km, 112 km, 121 km",110 km,Mathematical reasoning,Mathematical & Arithmetic Reasoning,,
193,Textual,Exceptional,,A Möbius strip is cut along its center. What happens?,"Two Möbius strips form, A single long twisted loop forms, Three separate loops form, It vanishes",A single long twisted loop forms,Spatial reasoning,Spatial & Visual Reasoning,,
194,Textual,Exceptional,,"How many different ways can the letters in the word ""CODE"" be arranged?","24, 36, 48, 120",24,Combinatorics,Pattern Recognition,,
195,Textual,Exceptional,,"If a man walks 3 km south, 3 km west, and 3 km north and ends up at the starting point, where is he?","North Pole, South Pole, Equator, Bermuda Triangle",North Pole,Geographical reasoning,General Knowledge & Categorization,,
196,Textual,Exceptional,,What is the result of this infinite series? 1 + 1/2 + 1/4 + 1/8 + …,"1, 2, Infinity, 0.5",2,Series & Sequences,Pattern Recognition,,
197,Textual,Exceptional,,"Which 4-digit number follows this pattern? The first digit is 1/3 of the second, the third is the sum of the first two, and the fourth is three times the third.","1369, 1349, 1468, 1296",1369,Mathematical reasoning,Mathematical & Arithmetic Reasoning,,
198,Textual,Exceptional,,A Möbius strip is cut along its center. What happens?,"Two Möbius strips form, A single long twisted loop forms, Three separate loops form, It disappears",A single long twisted loop forms,Spatial reasoning,Spatial & Visual Reasoning,,
199,Textual,Exceptional,,"You have two sand timers, one measuring 7 minutes and the other 11 minutes. How can you measure exactly 15 minutes?","Start both timers, flip the 7-minute timer when it runs out, and flip the 11-minute timer when it runs out, Flip the 7-minute timer twice and the 11-minute timer once, Use both timers independently and subtract the difference, Flip the 7-minute timer once, and when it runs out, flip it again","Start both timers, flip the 7-minute timer when it runs out, and flip the 11-minute timer when it runs out",Problem-solving,Problem-Solving & Critical Thinking,,
200,Textual,Exceptional,,"Find the next number in the pattern: 1, 2, 4, 8, 16, 32, __?","48, 50, 64, 100",64,Pattern recognition,Pattern Recognition,,
1,Image,Easy ,https://fyp-titans.s3.eu-north-1.amazonaws.com/Visual/Easy+band/1_easy.png,Which larger shape would be made if the two sections are fitted together?,"a,b,c,d",c,Spatial & Visual Reasoning,Spatial & Visual Reasoning,,
2,Image,Easy ,https://fyp-titans.s3.eu-north-1.amazonaws.com/Visual/Easy+band/2_easy+.png,Complete the matrix. Which figure belongs to the right box? ,"A,B,C,D,E,F",E,Pattern Recognition,Pattern Recognition,,
3,Image,Easy ,https://fyp-titans.s3.eu-north-1.amazonaws.com/Visual/Easy+band/3_easy.png,Count the squares,"3,4,6,7",6,Mathematical & Arithmetic Reasoning,Mathematical & Arithmetic Reasoning,,
4,Image,Easy ,https://fyp-titans.s3.eu-north-1.amazonaws.com/Visual/Easy+band/4_easy.png,"Each grid has purple (filled) and white (empty) boxes.
Imagine you are combining the grids like this:
If a box is filled in 1 or 3 of the grids, it stays purple.
If a box is filled in 0 or 2 of the grids, it becomes white.
Which option (A–E) shows the correct final grid after combining all three?","A,B,C,D,E",B,Logical & Verbal Reasoning,Logical & Verbal Reasoning,,
5,Image,Easy ,https://fyp-titans.s3.eu-north-1.amazonaws.com/Visual/Easy+band/5_easy.png,Select where the holes will appear. ,"(D4, D2),
(B1, B4),
(B1, C3),
(D1, D4)
","(B1, B4)",Spatial & Visual Reasoning,Spatial & Visual Reasoning,,
8,Image,Easy ,https://fyp-titans.s3.eu-north-1.amazonaws.com/Visual/Easy+band/8_easy.png,Find the odd one out. ,"A,B,C,D,E",E,Pattern Recognition,Pattern Recognition,,
9,Image,Easy ,https://fyp-titans.s3.eu-north-1.amazonaws.com/Visual/Easy+band/9_easy.png,"If you dial 3, 13, 0, 17, 3, which design results? ","Kite, Rectangle, Square, Circle, Star
",Kite,Spatial Orientation ,Pattern Recognition,,
10,Image,Easy ,https://fyp-titans.s3.eu-north-1.amazonaws.com/Visual/Easy+band/10_easy+.png,How many straight lines are needed to divide a rectangular octagon into 8 identical triangles? ,"2,4,6,8,10",4,Spatial Orientation ,Mathematical & Arithmetic Reasoning,,
11,Image,Mid,https://fyp-titans.s3.eu-north-1.amazonaws.com/Visual/Mid+Band/mid_1.png,"When the blue car turns right, it will be moving west. What is the direction of the yellow car? ","South West, South, East, West, SSW",East ,Spatial Orientation ,Spatial & Visual Reasoning,,
12,Image,Mid,https://fyp-titans.s3.eu-north-1.amazonaws.com/Visual/Mid+Band/mid_2_new.png,Mirror image. Fill in the blanks in the mirror. ,"A,B,C,D,E",D,Spatial Orientation ,Spatial & Visual Reasoning,,
13,Image,Mid,https://fyp-titans.s3.eu-north-1.amazonaws.com/Visual/Mid+Band/mid_3.png,Where will the holes appear? ,"(A2, B2, A3, B3), (C2, D2, B4, D4), (B2, C2, B3, C3), (B2, C2, C3, D3),(D3, C2)
","(B2, C2, B3, C3)",Spatial & Visual Reasoning,Spatial & Visual Reasoning,,
17,Image,Mid,https://fyp-titans.s3.eu-north-1.amazonaws.com/Visual/Mid+Band/mid_7.png,"If you turn a right-handed glove inside out, which hand will it fit now? ","Right hand, Left hand ",Left hand ,Mathematical & Arithmetic Reasoning,Mathematical & Arithmetic Reasoning,,
18,Image,Mid,https://fyp-titans.s3.eu-north-1.amazonaws.com/Visual/Mid+Band/mid_8.png,"Find the theme of the puzzle. INSTRUCTIONS

WORDS CAN GO LEFT, RIGHT, UP, DOWN, AND CAN ALSO BEND AT RIGHT ANGLES.

THERE ARE NO DIAGONAL WORDS.

ALL LETTERS FORM WORDS.

NO LETTER FORMS MORE THAN ONE WORD AT A TIME.","Seasons, Water, Summer, Forests, Sports",Water ,Mathematical & Arithmetic Reasoning,Mathematical & Arithmetic Reasoning,,
19,Image,Mid,https://fyp-titans.s3.eu-north-1.amazonaws.com/Visual/Mid+Band/mid_9.png,Compare the surface areas of the segments in this pie chart. Which of the following is true? ,"A=F, D=H, C=E, G=E, F=C",F=C,Spatial Orientation ,Mathematical & Arithmetic Reasoning,,
20,Image,Mid,https://fyp-titans.s3.eu-north-1.amazonaws.com/Visual/Mid+Band/mid_10.png,How many 4-sided shapes does this diagram have? ,"11-15, 16-20, 21-25, 26-30, 31-35
",26-30,Spatial IQ,Mathematical & Arithmetic Reasoning,,
21,Image,Medium ,https://fyp-titans.s3.eu-north-1.amazonaws.com/Visual/Medium+Band/medium_1.png,How many blocks are missing? ,"20-24, 25-29, 30-34, 35-39, 40-44
",35-39,Spatial Orientation ,Spatial & Visual Reasoning,,
22,Image,Medium ,https://fyp-titans.s3.eu-north-1.amazonaws.com/Visual/Medium+Band/medium_2.png,How many seperate compartments are formed? ,"21-24, 25-28, 29-32, 33-36, 37-40
",29-32,Spatial Orientation ,Spatial & Visual Reasoning,,
23,Image,Medium ,https://fyp-titans.s3.eu-north-1.amazonaws.com/Visual/Medium+Band/medium_3.jpg,"Evi found a bottle & there's a treasure map inside!

She starts reading the instructions:

🔹 Face due north at the old oak tree.
🔹 Take 10 steps, then turn 45 degrees clockwise.
🔹 Take 20 more steps, turn around and go back 2 steps.
🔹 Turn 135 degrees clockwise. The treasure is buried underneath the boulder straight ahead.

In which direction is the boulder?","North, South, East, Northwest, Southwest",North ,Spatial Orientation ,Spatial & Visual Reasoning,,
24,Image,Medium ,https://fyp-titans.s3.eu-north-1.amazonaws.com/Visual/Medium+Band/medium_4.png,How many ways can 'QUAD' be formed in the shape below? It is possible to travel vertically and horizontally and to make corners. ,"0-4, 5-14, 15-24, 25-34, >34",25-34,Spatial Orientation ,Pattern Recognition,,
25,Image,Medium ,https://fyp-titans.s3.eu-north-1.amazonaws.com/Visual/Medium+Band/medium_5_new.png,"The image below contains 12 snowflakes, 12 sunsets, and 12 suns. Using two straight lines, create four sections so each section contains 3 of each shape.","A,B,C,D,E",C,Spatial Orientation ,Problem-Solving & Critical Thinking,,
26,Image,Medium ,https://fyp-titans.s3.eu-north-1.amazonaws.com/Visual/Medium+Band/medium_6.png,What percentage of the entire chart is the yellow section? ,"1-2%, 3-4%, 5-6%, 7-8%, 9-10%",7-8%,Spatial Orientation ,Mathematical & Arithmetic Reasoning,,
27,Image,Medium ,https://fyp-titans.s3.eu-north-1.amazonaws.com/Visual/Medium+Band/medium_7.png,"In the order green, purple, gold, what percent of a circle do the arcs cover?","(40%, 25%, 60%),
(40%, 30%, 60%),
(30%, 25%, 60%),
(40%, 25%, 66%),
(30%, 25%, 60%)","(40%, 25%, 60%)",Pattern Recognition ,Mathematical & Arithmetic Reasoning,,
28,Image,Medium ,https://fyp-titans.s3.eu-north-1.amazonaws.com/Visual/Medium+Band/medium_8.png,How many bricks are missing? ,"5-15, 16-25, 26-35, 36-45, 46-55",36-45,Spatial Orientation ,Spatial & Visual Reasoning,,
29,Image,Medium ,https://fyp-titans.s3.eu-north-1.amazonaws.com/Visual/Medium+Band/medium_9.png,"The blue car is traveling northeast.
What is the direction of the yellow car?","North-north-west, Southwest, Southeast, Northwest, South-south-east",Northwest,Spatial Orientation ,Spatial & Visual Reasoning,,
30,Image,Medium ,https://fyp-titans.s3.eu-north-1.amazonaws.com/Visual/Medium+Band/medium_10.png,How many holes are in this t-shirt? ,"3,6,10,12,14,16 ",16,Spatial Orientation ,Spatial & Visual Reasoning,,
31,Image,Medium ,https://fyp-titans.s3.eu-north-1.amazonaws.com/Visual/Medium+Band/medium_11.png,What is the minimum number of ways to cut this round cake so as to make 8 equal slices? ,"2,3,4,5,6",3,Spatial Orientation ,Mathematical & Arithmetic Reasoning,,
32,Image,Medium ,https://fyp-titans.s3.eu-north-1.amazonaws.com/Visual/Medium+Band/medium_12.png,Which parking spaces do the blue cars occupy? ,"(15,04), (14,21), (14,18), (14,87) , (13,96)","(14,87)",Spatial Orientation ,Spatial & Visual Reasoning,,
33,Image,Medium ,https://fyp-titans.s3.eu-north-1.amazonaws.com/Visual/Medium+Band/medium_13.png,Count the traingles. ,"10,11,12,13,14",13,Spatial Orientation ,Mathematical & Arithmetic Reasoning,,
34,Image,Medium ,https://fyp-titans.s3.eu-north-1.amazonaws.com/Visual/Medium+Band/medium_14.png,"Is the top green line shorter, longer, or of equal length to the bottom green line? ","10% shorter, 20% shorter, equal length, 10% longer, 20% longer",equal length,Spatial Orientation ,Spatial & Visual Reasoning,,
35,Image,Medium ,https://fyp-titans.s3.eu-north-1.amazonaws.com/Visual/Medium+Band/medium_15.png,Count the missing bricks. ,"0-20, 20-24, 25-29, 30-34, 35-39 ",35-39,Spatial Orientation ,Spatial & Visual Reasoning,,
36,Image,Medium ,https://fyp-titans.s3.eu-north-1.amazonaws.com/Visual/Medium+Band/medium_16.png,What is the minimun number of equally sized circles that can overlap and create seven different compartments? ,"2,3,4,5,6",3,Spatial Orientation ,Spatial & Visual Reasoning,,
37,Image,Medium ,https://fyp-titans.s3.eu-north-1.amazonaws.com/Visual/Medium+Band/medium_17.png,Which section of this structure looks off? ,"Leftmost column, 
Second column from left, Third column from right, Top row,
Bottom row
",Third column from right,Problem Sensitivity ,Spatial & Visual Reasoning,,
,,,,,,,Spatial & Visual Reasoning,Spatial & Visual Reasoning,,
41,Image,Hard,https://fyp-titans.s3.eu-north-1.amazonaws.com/Visual/Hard+Band/hard_1.png,Which of the figures below the line of drawings best completes the series?,"1,2,3,4,5",5,Pattern Recognition,Pattern Recognition,,
42,Image,Hard,https://fyp-titans.s3.eu-north-1.amazonaws.com/Visual/Hard+Band/hard_2.png,Which of the figures below the line of drawings best completes the series?,"1,2,3,4",3,,,,
43,Image,Hard,https://fyp-titans.s3.eu-north-1.amazonaws.com/Visual/Hard+Band/hard_3.jpg,How many four-sided figures appear in the diagram below?,"10, 16, 22, 25, 28
",25,Mathematical & Arithmetic Reasoning,Mathematical & Arithmetic Reasoning,,
44,Image,Hard,https://fyp-titans.s3.eu-north-1.amazonaws.com/Visual/Hard+Band/hard_4.png,Which letter is least like the others?,"A,B,C,D,E",D,Logical & Verbal Reasoning,Logical & Verbal Reasoning,,
45,Image,Hard,https://fyp-titans.s3.eu-north-1.amazonaws.com/Visual/Hard+Band/hard_5.png,Count the traingles. ,"10,12,14,16,18",18,Mathematical & Arithmetic Reasoning,Mathematical & Arithmetic Reasoning,,
46,Image,Hard,https://fyp-titans.s3.eu-north-1.amazonaws.com/Visual/Hard+Band/hard_6.png,Which proverb is the odd one out? ,"A,B,C,D,E",D,Logical & Verbal Reasoning,Logical & Verbal Reasoning,,
47,Image,Hard,https://fyp-titans.s3.eu-north-1.amazonaws.com/Visual/Hard+Band/hard_7.png,Count the squares and triangles. ," (6 squares, 6 triangles),
 (6 squares, 7 triangles),
(7 squares, 8 triangles),
(7 squares, 9 triangles),
(7 squares, 10 triangles)","(7 squares, 10 triangles)",Spatial Orientation ,Mathematical & Arithmetic Reasoning,,
48,Textual,Hard,,Which is not a universal artistic theme? ,"Sporting events, Nature, Social Commentary, Portraiture",Sporting Events,General Knowledge ,General Knowledge & Categorization,,
49,Image,Hard,https://fyp-titans.s3.eu-north-1.amazonaws.com/Visual/Hard+Band/hard_9.png,Find the odd one out. ,"A,B,C,D",D,Logical & Verbal Reasoning,Logical & Verbal Reasoning,,
50,Image,Hard,https://fyp-titans.s3.eu-north-1.amazonaws.com/Visual/Hard+Band/hard_10.png,"Which group of of objects, A,B,C,D can be assembled to form the figure below? ","A,B,C,D",A,Spatial & Visual Reasoning,Spatial & Visual Reasoning,,
51,Image,Hard,https://fyp-titans.s3.eu-north-1.amazonaws.com/Visual/Hard+Band/hard_11.png,Which matchstick needs to be moved in order to create a square? ,"Left, Top, Right, Bottom, Not possible
",Left,Spatial & Visual Reasoning,Spatial & Visual Reasoning,,
52,Image,Hard,https://fyp-titans.s3.eu-north-1.amazonaws.com/Visual/Hard+Band/hard_12.png,Which of the cubes is not identical to the unfolded net? ,"A,B,C,D,E",D,Spatial & Visual Reasoning,Spatial & Visual Reasoning,,
61,Textual,Advanced ,,Select the odd one out,"Sanskrit, Hindi, Punjabi, Sindhi, Farsi ",,,,,
62,Image,Advanced ,,"Complete the analogy
smith : cap :: wash :","Bird, Theater, Garage, Tail, Nose",Tail,Logical & Verbal Reasoning,Logical & Verbal Reasoning,,
63,Image,Advanced ,https://fyp-titans.s3.eu-north-1.amazonaws.com/Visual/Advanced+Band/advanced_3.png,These are three views of the same cube. Each side of the cube consists of a different color and one side of the cube is purple. Which color is the blank side of the middle cube?,"Purple, Yellow, Blue, Purple or blue, Purple or yellow", Purple or yellow,Spatial & Visual Reasoning,Spatial & Visual Reasoning,,
64,Image,Advanced ,https://fyp-titans.s3.eu-north-1.amazonaws.com/Visual/Advanced+Band/advanced_4.png,"Find the image of the dot (8, -2) under a clockwise rotation by 270° about the origin.","A,B,C,D,E",C,Mathematical & Arithmetic Reasoning,Mathematical & Arithmetic Reasoning,,
65,Image,Advanced ,https://fyp-titans.s3.eu-north-1.amazonaws.com/Visual/Advanced+Band/advanced_5.png,Which collection of shapes can be rearranged to form a square?,"A,B,C,D,E",A,Spatial & Visual Reasoning,Spatial & Visual Reasoning,,
66,Image,Advanced ,https://fyp-titans.s3.eu-north-1.amazonaws.com/Visual/Advanced+Band/advanced_6.jpg,Which option completes the pattern?,"A,B,C,D",A,Pattern Recognition,Pattern Recognition,,
67,Image,Advanced ,https://fyp-titans.s3.eu-north-1.amazonaws.com/Visual/Advanced+Band/advanced_7.png,Which option completes the pattern?,"A,B,C,D",A,Pattern Recognition,Pattern Recognition,,
68,Image,Advanced ,https://fyp-titans.s3.eu-north-1.amazonaws.com/Visual/Advanced+Band/advanced_8.png,Which option (1–6) completes the pattern?,"2 and 3, 4 and 5, 1 and 4, 1 and 2",1 and 2,Pattern Recognition,Pattern Recognition,,
69,Image,Advanced ,https://fyp-titans.s3.eu-north-1.amazonaws.com/Visual/Advanced+Band/advanced_9.png,Which of the cube is the same as the unfolded cube? ,"A,B,C,D,E",A,Spatial & Visual Reasoning,Spatial & Visual Reasoning,,
70,Image,Advanced ,https://fyp-titans.s3.eu-north-1.amazonaws.com/Visual/Advanced+Band/advanced_10.png,How many more monsters and creatures are on the same side of the tape as number 1? ,"1,2,3,4,5",2,Logical & Verbal Reasoning,Logical & Verbal Reasoning,,
71,Image,Exceptional ,https://fyp-titans.s3.eu-north-1.amazonaws.com/Visual/Exceptional+Band/EXCEPTIONAL_1.png,Which image completes the pattern?,"1,2,3,4,5",3,Pattern Recognition,Pattern Recognition,,
72,Image,Exceptional ,https://fyp-titans.s3.eu-north-1.amazonaws.com/Visual/Exceptional+Band/EXCEPTIONAL_2.png,"Choose the correct water - image of the main figure from the given four figures.
","A,B,C,D",D,Spatial & Visual Reasoning,Spatial & Visual Reasoning,,
74,Image,Exceptional ,https://fyp-titans.s3.eu-north-1.amazonaws.com/Visual/Exceptional+Band/exceptional_4.png,"I created this mosaic, which references a country I like to visit in my spare time. After analyzing the pattern, what country does it represent?","Lorule, Termina, Hyrule, Koholint Island
",Hyrule,General Knowledge & Categorization,General Knowledge & Categorization,,
75,Image,Exceptional ,https://fyp-titans.s3.eu-north-1.amazonaws.com/Visual/Exceptional+Band/exceptional_5.png,The stained-glass window shown in the image represents a hidden mathematical pattern. What does it depict?,"A random arrangement of colored glass, A representation of the Fibonacci sequence, A superposition of two numerical sequences, A visual encryption of prime numbers
", A superposition of two numerical sequences,Mathematical & Arithmetic Reasoning,Mathematical & Arithmetic Reasoning,,
76,Image,Exceptional ,https://fyp-titans.s3.eu-north-1.amazonaws.com/Visual/Exceptional+Band/exceptional_6.png,Which option completes the pattern?,"A,B,C,D",A,Pattern Recognition,Pattern Recognition,,
77,Image,Exceptional ,https://fyp-titans.s3.eu-north-1.amazonaws.com/Visual/Exceptional+Band/exceptional_7.png,Which option completes the pattern?,"A,B,C,D",A,Pattern Recognition,Pattern Recognition,,
78,Image,Exceptional ,https://fyp-titans.s3.eu-north-1.amazonaws.com/Visual/Exceptional+Band/exceptional_8.png,Which option completes the pattern?,"A,B,C,D",A,Pattern Recognition,Pattern Recognition,,
79,Image,Exceptional ,https://fyp-titans.s3.eu-north-1.amazonaws.com/Visual/Exceptional+Band/exceptional_9.png,Which option completes the pattern?,"A,B,C,D",A,Pattern Recognition,Pattern Recognition,,
80,Image,Exceptional ,https://fyp-titans.s3.eu-north-1.amazonaws.com/Visual/Exceptional+Band/exceptional_10.png,Which option completes the pattern?,"A,B,C,D",C,Pattern Recognition,Pattern Recognition,,
